유치원명,addr
서울공항초등학교병설유치원, 마곡서1로 68
한나유치원, 금낭화로 287-19
화곡유치원, 까치산로 60
선미유치원, 까치산로2길 43
서울공진초등학교병설유치원, 마곡서로 33
보라유치원, 공항대로39길 100
서강유치원, 금낭화로 35
신세기유치원, 허준로 47
서울정곡초등학교병설유치원, 방화대로50길 22
신영유치원, 곰달래로25길 4
강서유치원, 까치산로 116
대유유치원, 곰달래로57길 39
문성유치원, 우현로 8
우람유치원, 방화대로45길 32
우일유치원, 곰달래로47길 88
우리곰유치원, 허준로 23
공항제일유치원, 개화동로23길 100
등현유치원, 화곡로63가길 63
유니유치원, 허준로 175
방화이화유치원, 양천로17길 4-55
예지유치원, 남부순환로11가길 89
진일유치원, 허준로 121
예은유치원, 까치산로4길 101-5
수미유치원, 강서로17길 130
서울염경초등학교병설유치원, 양천로69길 49
등촌이화유치원, 화곡로63가길 26
서울월정초등학교병설유치원, 월정로 176
미래유치원, 양천로6길 28
서울내발산초등학교병설유치원, 강서로46길 23
대붕유치원, 허준로 176
아이파크예원유치원, 강서로 266
동그라미유치원, 화곡로52길 14
국제유치원, 양천로30길 4
등촌제일유치원, 화곡로66길 118
미래클유치원, 수명로1길 76
장미유치원, 허준로 139
홍신유치원, 강서로45길 63
아람유치원, 금낭화로23길 8
서울화일초등학교병설유치원, 까치산로10길 70
윤서유치원, 화곡로13길 107
미도유치원, 공항대로58가길 39
해리유치원, 허준로 234
예일유치원, 강서로47길 126
우현유치원, 강서로 348
윤희유치원, 강서로 216-23
서울마곡유치원, 마곡서1로 139-13
밤비니유치원, 남부순환로7길 39
행복한유치원, 강서로62길 40
서울수명유치원, 수명로1길 76
새싹유치원, 곰달래로49길 10
나나유치원, 등촌로13바길 46
서울금낭화유치원, 금낭화로 35
서울신곡초등학교병설유치원, 등촌로13자길 42-14
서울등촌초등학교병설유치원, 등촌로39길 71
서울탑산초등학교병설유치원, 허준로 109
서울신월초등학교병설유치원, 강서로31길 48
서울송정초등학교병설유치원, 공항대로3길 18
서울개화초등학교병설유치원, 양천로 11
이솔유치원, 곰달래로33가길 6
서울가양초등학교병설유치원, 허준로 186
서울등명초등학교병설유치원, 강서로56나길 34
